{
    "config": {
        "comment": "gbm_3 + 65 (inner product of lsa vectors)",
        "data_prefix": "data/input/",
        "features": [
            0,
            1,
            2,
            4,
            5,
            6,
            7,
            8,
            9,
            10,
            11,
            12,
            13,
            14,
            16,
            18,
            21,
            22,
            25,
            26,
            28,
            30,
            31,
            32,
            44,
            45,
            46,
            47,
            60,
            65
        ],
        "model": {
            "params": {
                "booster": {
                    "categorical_column": [],
                    "learning_rate": 0.02,
                    "max_bin": 255,
                    "metric": "binary_logloss",
                    "num_leaves": 16,
                    "objective": "binary",
                    "task": "train",
                    "verbose": 1
                },
                "train": {
                    "early_stopping_rounds": 50,
                    "num_boost_round": 400,
                    "verbose_eval": 10
                }
            },
            "path": "models/2_lightgbm.py",
            "target_positive_ratio": 0.17426506525171756
        }
    },
    "feature_importance": {
        "0.00063": 0,
        "f0": 643,
        "f1": 64,
        "f10": 178,
        "f11": 281,
        "f12": 109,
        "f13": 89,
        "f14": 137,
        "f16": 53,
        "f18": 180,
        "f2": 123,
        "f21": 206,
        "f22": 241,
        "f25": 113,
        "f26": 124,
        "f28": 8,
        "f30": 156,
        "f31": 18,
        "f32": 151,
        "f4": 80,
        "f44": 288,
        "f45": 74,
        "f46": 344,
        "f47": 42,
        "f5": 73,
        "f6": 39,
        "f60.0": 156,
        "f60.1": 56,
        "f60.10": 99,
        "f60.11": 74,
        "f60.12": 45,
        "f60.13": 72,
        "f60.14": 63,
        "f60.15": 139,
        "f60.16": 101,
        "f60.17": 51,
        "f60.18": 164,
        "f60.19": 110,
        "f60.2": 47,
        "f60.3": 139,
        "f60.4": 142,
        "f60.5": 92,
        "f60.6": 84,
        "f60.7": 103,
        "f60.8": 142,
        "f60.9": 132,
        "f7": 53,
        "f8": 28,
        "f9": 94
    },
    "results": {
        "accuracy": 0.856147322396685,
        "auc": 0.8932080445148062,
        "f1_score": 0.4526071635666176,
        "log_loss": 0.2928145210722228,
        "precision": 0.6717643164515061,
        "pred_mean": 0.17573896898462346,
        "recall": 0.3412706420475566
    }
}