{
    "config": {
        "data_prefix": "data/input/",
        "features": [
            0,
            1,
            2,
            3
        ],
        "model": {
            "params": {
                "booster": {
                    "categorical_column": [],
                    "learning_rate": 0.02,
                    "max_bin": 255,
                    "metric": "binary_logloss",
                    "num_leaves": 16,
                    "objective": "binary",
                    "task": "train",
                    "verbose": 1
                },
                "train": {
                    "early_stopping_rounds": 50,
                    "num_boost_round": 400,
                    "verbose_eval": 10
                }
            },
            "path": "models/2_lightgbm.py",
            "target_positive_ratio": 0.174
        }
    },
    "feature_importance": {
        "f0": 3083,
        "f1": 2291,
        "f2": 319,
        "f3": 307
    },
    "results": {
        "accuracy": 0.8303045456494296,
        "auc": 0.8208640463949748,
        "f1_score": 0.14756706385615845,
        "log_loss": 0.3426397057993958,
        "precision": 0.5859153298222272,
        "pred_mean": 0.17426001877549563,
        "recall": 0.08441362677117878
    }
}