{
    "config": {
        "data_prefix": "data/input/",
        "features": [
            0,
            1,
            2,
            3
        ],
        "model": {
            "params": {
                "booster": {
                    "categorical_column": [],
                    "learning_rate": 0.02,
                    "max_bin": 255,
                    "metric": "binary_logloss",
                    "num_leaves": 16,
                    "objective": "binary",
                    "task": "train",
                    "verbose": 1
                },
                "train": {
                    "early_stopping_rounds": 50,
                    "num_boost_round": 400,
                    "verbose_eval": 10
                }
            },
            "path": "models/2_lightgbm.py",
            "target_positive_ratio": 0.174
        }
    },
    "feature_importance": {
        "f0": 3065,
        "f1": 2290,
        "f2": 324,
        "f3": 321
    },
    "results": {
        "accuracy": 0.8304131696229022,
        "auc": 0.8241309288699388,
        "f1_score": 0.15517144304954883,
        "log_loss": 0.3410981593597053,
        "precision": 0.5826013400770169,
        "pred_mean": 0.17414638001746982,
        "recall": 0.08950524235420226
    }
}