{
    "config": {
        "data_prefix": "data/input/",
        "features": [
            0,
            1,
            2,
            3
        ],
        "model": {
            "params": {
                "booster": {
                    "categorical_column": [],
                    "learning_rate": 0.02,
                    "max_bin": 255,
                    "metric": "binary_logloss",
                    "num_leaves": 16,
                    "objective": "binary",
                    "task": "train",
                    "verbose": 1
                },
                "train": {
                    "early_stopping_rounds": 50,
                    "num_boost_round": 400,
                    "verbose_eval": 10
                }
            },
            "path": "models/2_lightgbm.py",
            "target_positive_ratio": 0.17426506525171756
        }
    },
    "feature_importance": {
        "f0": 3096,
        "f1": 2289,
        "f2": 311,
        "f3": 304
    },
    "results": {
        "accuracy": 0.8301116482858539,
        "auc": 0.8209122038114924,
        "f1_score": 0.14676597325531796,
        "log_loss": 0.342871817848316,
        "precision": 0.5881491135181455,
        "pred_mean": 0.17452708182883123,
        "recall": 0.08384416976518273
    }
}