{
    "config": {
        "data_prefix": "data/input/",
        "features": [
            0,
            1,
            2,
            4,
            5,
            6,
            7,
            8,
            9,
            10,
            11,
            12,
            13,
            14,
            16,
            18,
            21,
            22,
            25,
            26,
            28,
            30,
            31,
            32,
            33,
            34,
            35,
            36,
            37,
            38,
            39,
            40,
            41,
            42
        ],
        "model": {
            "params": {
                "booster": {
                    "eta": 0.02,
                    "eval_metric": "logloss",
                    "max_depth": 5,
                    "objective": "binary:logistic"
                },
                "train": {
                    "early_stopping_rounds": 50,
                    "num_boost_round": 400,
                    "verbose_eval": 10
                }
            },
            "path": "models/0_xgb.py"
        }
    },
    "feature_importance": {
        "f0": 1332,
        "f1": 643,
        "f10": 296,
        "f11": 626,
        "f12": 247,
        "f13": 250,
        "f14": 281,
        "f16": 510,
        "f18": 414,
        "f2": 208,
        "f21": 349,
        "f22": 568,
        "f25": 721,
        "f26": 820,
        "f28": 201,
        "f30": 403,
        "f31": 461,
        "f32": 582,
        "f33": 78,
        "f34": 3,
        "f35": 247,
        "f36": 93,
        "f37": 125,
        "f38": 169,
        "f39": 325,
        "f4": 390,
        "f40": 89,
        "f41": 152,
        "f5": 458,
        "f6": 245,
        "f7": 268,
        "f8": 238,
        "f9": 148
    },
    "results": {
        "accuracy": 0.8464391322371149,
        "auc": 0.8710433813552602,
        "f1_score": 0.237463976945245,
        "log_loss": 0.30674023766069625,
        "precision": 0.6600549282880683,
        "pred_mean": 0.16516603529453278,
        "recall": 0.1447742712760617
    }
}