{
    "config": {
        "data_prefix": "data/input/",
        "features": [
            0,
            1,
            2,
            3,
            4,
            5,
            6,
            7,
            8,
            9,
            10,
            11,
            12,
            13,
            14,
            15,
            16,
            17,
            18,
            19,
            20,
            21,
            22,
            23,
            24,
            25,
            26
        ],
        "model": {
            "params": {
                "booster": {
                    "eta": 0.02,
                    "eval_metric": "logloss",
                    "max_depth": 5,
                    "objective": "binary:logistic"
                },
                "train": {
                    "early_stopping_rounds": 50,
                    "num_boost_round": 400,
                    "verbose_eval": 10
                }
            },
            "path": "models/0_xgb.py"
        }
    },
    "feature_importance": {
        "f0": 1483,
        "f1": 665,
        "f10": 580,
        "f11": 776,
        "f12": 322,
        "f13": 326,
        "f14": 324,
        "f15": 125,
        "f16": 656,
        "f17": 71,
        "f18": 504,
        "f19": 33,
        "f2": 231,
        "f20": 168,
        "f21": 328,
        "f22": 656,
        "f23": 46,
        "f24": 103,
        "f25": 928,
        "f26": 932,
        "f3": 129,
        "f4": 537,
        "f5": 663,
        "f6": 410,
        "f7": 457,
        "f9": 263
    },
    "results": {
        "accuracy": 0.8459901572365978,
        "auc": 0.8682697908135499,
        "f1_score": 0.23602375481868582,
        "log_loss": 0.30863938356254333,
        "precision": 0.6501812688821752,
        "recall": 0.14418174631355393
    }
}