{
    "config": {
        "data_prefix": "data/input/",
        "features": [
            0,
            1,
            2,
            4,
            5,
            6,
            7,
            8,
            9,
            10,
            11,
            12,
            13,
            14,
            16,
            18,
            21,
            22,
            25,
            26,
            28,
            30,
            31,
            32,
            44,
            45,
            46,
            47,
            57
        ],
        "model": {
            "params": {
                "booster": {
                    "eta": 0.02,
                    "eval_metric": "logloss",
                    "max_depth": 7,
                    "objective": "binary:logistic"
                },
                "train": {
                    "early_stopping_rounds": 50,
                    "num_boost_round": 400,
                    "verbose_eval": 10
                }
            },
            "path": "models/0_xgb.py"
        }
    },
    "feature_importance": {
        "f0": 1544,
        "f1": 985,
        "f10": 680,
        "f11": 1550,
        "f12": 583,
        "f13": 754,
        "f14": 419,
        "f16": 810,
        "f18": 935,
        "f2": 253,
        "f21": 810,
        "f22": 1238,
        "f25": 1421,
        "f26": 1292,
        "f28": 630,
        "f30": 443,
        "f31": 623,
        "f32": 850,
        "f4": 781,
        "f44": 1772,
        "f45": 972,
        "f46": 1234,
        "f47": 183,
        "f5": 1094,
        "f57.0": 1104,
        "f57.1": 909,
        "f57.10": 1195,
        "f57.11": 856,
        "f57.12": 703,
        "f57.13": 1020,
        "f57.14": 564,
        "f57.15": 1224,
        "f57.16": 1149,
        "f57.17": 591,
        "f57.18": 983,
        "f57.19": 536,
        "f57.2": 744,
        "f57.3": 1095,
        "f57.4": 843,
        "f57.5": 1217,
        "f57.6": 1243,
        "f57.7": 648,
        "f57.8": 1039,
        "f57.9": 808,
        "f6": 585,
        "f7": 507,
        "f8": 487,
        "f9": 410
    },
    "results": {
        "accuracy": 0.8544356651891822,
        "auc": 0.9015836154727466,
        "f1_score": 0.5251665898327815,
        "log_loss": 0.29741520675157446,
        "precision": 0.6965923619989994,
        "pred_mean": 0.19358143210411072,
        "recall": 0.42145091312682875
    }
}