{
    "config": {
        "comments": "Comparison between uni-gram LSA (f56, xgb_32.json) vs. uni/bi-gram LSA (f59)",
        "data_prefix": "data/input/",
        "features": [
            0,
            1,
            2,
            4,
            5,
            6,
            7,
            8,
            9,
            10,
            11,
            12,
            13,
            14,
            16,
            18,
            21,
            22,
            25,
            26,
            28,
            30,
            31,
            32,
            44,
            45,
            46,
            47,
            59
        ],
        "model": {
            "params": {
                "booster": {
                    "eta": 0.02,
                    "eval_metric": "logloss",
                    "max_depth": 7,
                    "objective": "binary:logistic"
                },
                "train": {
                    "early_stopping_rounds": 50,
                    "num_boost_round": 400,
                    "verbose_eval": 10
                }
            },
            "path": "models/0_xgb.py"
        }
    },
    "feature_importance": {
        "f0": 1565,
        "f1": 896,
        "f10": 662,
        "f11": 1392,
        "f12": 559,
        "f13": 640,
        "f14": 403,
        "f16": 801,
        "f18": 952,
        "f2": 297,
        "f21": 821,
        "f22": 1205,
        "f25": 1328,
        "f26": 1333,
        "f28": 555,
        "f30": 384,
        "f31": 555,
        "f32": 865,
        "f4": 702,
        "f44": 1612,
        "f45": 991,
        "f46": 1041,
        "f47": 163,
        "f5": 894,
        "f59.0": 870,
        "f59.1": 934,
        "f59.10": 773,
        "f59.11": 851,
        "f59.12": 686,
        "f59.13": 1006,
        "f59.14": 796,
        "f59.15": 781,
        "f59.16": 1346,
        "f59.17": 1472,
        "f59.18": 839,
        "f59.19": 1259,
        "f59.2": 778,
        "f59.3": 1168,
        "f59.4": 648,
        "f59.5": 903,
        "f59.6": 1265,
        "f59.7": 1384,
        "f59.8": 929,
        "f59.9": 1272,
        "f6": 663,
        "f7": 423,
        "f8": 433,
        "f9": 425
    },
    "results": {
        "accuracy": 0.853786856812488,
        "auc": 0.901446282428394,
        "f1_score": 0.5226600675293082,
        "log_loss": 0.29628619393083266,
        "precision": 0.6942061281337047,
        "pred_mean": 0.19360677897930145,
        "recall": 0.41909662664379643
    }
}