{
    "config": {
        "comments": "Comparison between uni-gram LSA (f56, xgb_32.json) vs. uni/bi-gram LSA (f59)",
        "data_prefix": "data/input/",
        "features": [
            0,
            1,
            2,
            4,
            5,
            6,
            7,
            8,
            9,
            10,
            11,
            12,
            13,
            14,
            16,
            18,
            21,
            22,
            25,
            26,
            28,
            30,
            31,
            32,
            44,
            45,
            46,
            47,
            62
        ],
        "model": {
            "params": {
                "booster": {
                    "eta": 0.02,
                    "eval_metric": "logloss",
                    "max_depth": 7,
                    "objective": "binary:logistic"
                },
                "train": {
                    "early_stopping_rounds": 50,
                    "num_boost_round": 400,
                    "verbose_eval": 10
                }
            },
            "path": "models/0_xgb.py"
        }
    },
    "feature_importance": {
        "f0": 1403,
        "f1": 931,
        "f10": 790,
        "f11": 1362,
        "f12": 493,
        "f13": 793,
        "f14": 592,
        "f16": 759,
        "f18": 954,
        "f2": 299,
        "f21": 882,
        "f22": 1242,
        "f25": 1426,
        "f26": 1354,
        "f28": 710,
        "f30": 427,
        "f31": 581,
        "f32": 896,
        "f4": 1017,
        "f44": 1794,
        "f45": 1055,
        "f46": 1222,
        "f47": 147,
        "f5": 1300,
        "f6": 682,
        "f62.0": 941,
        "f62.1": 469,
        "f62.10": 783,
        "f62.11": 644,
        "f62.12": 931,
        "f62.13": 902,
        "f62.14": 1039,
        "f62.15": 394,
        "f62.16": 1026,
        "f62.17": 491,
        "f62.18": 939,
        "f62.19": 537,
        "f62.2": 809,
        "f62.3": 1088,
        "f62.4": 1061,
        "f62.5": 483,
        "f62.6": 1158,
        "f62.7": 680,
        "f62.8": 1142,
        "f62.9": 543,
        "f7": 683,
        "f8": 508,
        "f9": 512
    },
    "results": {
        "accuracy": 0.8540052675531573,
        "auc": 0.9017899877874815,
        "f1_score": 0.5218891343220785,
        "log_loss": 0.2960784309285231,
        "precision": 0.6967756431861588,
        "pred_mean": 0.1934581845998764,
        "recall": 0.4171795647933273
    }
}