{
    "config": {
        "data_prefix": "data/input/",
        "features": [
            0,
            1,
            2,
            4,
            5,
            6,
            7,
            8,
            9,
            10,
            11,
            12,
            13,
            14,
            16,
            18,
            21,
            22,
            25,
            26,
            28,
            30,
            31,
            32,
            44
        ],
        "model": {
            "params": {
                "booster": {
                    "eta": 0.02,
                    "eval_metric": "logloss",
                    "max_depth": 5,
                    "objective": "binary:logistic"
                },
                "train": {
                    "early_stopping_rounds": 50,
                    "num_boost_round": 400,
                    "verbose_eval": 10
                }
            },
            "path": "models/0_xgb.py"
        }
    },
    "feature_importance": {
        "f0": 1433,
        "f1": 609,
        "f10": 284,
        "f11": 589,
        "f12": 181,
        "f13": 238,
        "f14": 223,
        "f16": 532,
        "f18": 418,
        "f2": 205,
        "f21": 399,
        "f22": 619,
        "f25": 769,
        "f26": 749,
        "f28": 215,
        "f30": 353,
        "f31": 336,
        "f32": 565,
        "f4": 416,
        "f44": 1159,
        "f5": 588,
        "f6": 281,
        "f7": 285,
        "f8": 284,
        "f9": 182
    },
    "results": {
        "accuracy": 0.8473732209479066,
        "auc": 0.874562417748768,
        "f1_score": 0.2596782841823056,
        "log_loss": 0.3031516658449277,
        "precision": 0.6527833939884081,
        "pred_mean": 0.16510576009750366,
        "recall": 0.16207623573508248
    }
}