{
    "config": {
        "data_prefix": "data/input/",
        "features": [
            0,
            1,
            2,
            4,
            5,
            6,
            7,
            8,
            9,
            10,
            11,
            12,
            13,
            14,
            16,
            18,
            21,
            22,
            25,
            26,
            28,
            30,
            31,
            32,
            44,
            45,
            46,
            47,
            51
        ],
        "model": {
            "params": {
                "booster": {
                    "eta": 0.02,
                    "eval_metric": "logloss",
                    "max_depth": 7,
                    "objective": "binary:logistic"
                },
                "train": {
                    "early_stopping_rounds": 50,
                    "num_boost_round": 400,
                    "verbose_eval": 10
                }
            },
            "path": "models/0_xgb.py"
        }
    },
    "feature_importance": {
        "f0": 1645,
        "f1": 1036,
        "f10": 598,
        "f11": 1456,
        "f12": 545,
        "f13": 715,
        "f14": 420,
        "f16": 860,
        "f18": 1065,
        "f2": 229,
        "f21": 885,
        "f22": 1268,
        "f25": 1289,
        "f26": 1297,
        "f28": 581,
        "f30": 467,
        "f31": 654,
        "f32": 866,
        "f4": 590,
        "f44": 1748,
        "f45": 978,
        "f46": 1211,
        "f47": 247,
        "f5": 948,
        "f51.0": 824,
        "f51.1": 1152,
        "f51.10": 842,
        "f51.11": 1083,
        "f51.12": 948,
        "f51.13": 664,
        "f51.14": 537,
        "f51.15": 736,
        "f51.16": 1211,
        "f51.17": 1060,
        "f51.18": 1050,
        "f51.19": 888,
        "f51.2": 1010,
        "f51.3": 929,
        "f51.4": 710,
        "f51.5": 848,
        "f51.6": 1200,
        "f51.7": 1019,
        "f51.8": 888,
        "f51.9": 890,
        "f6": 539,
        "f7": 410,
        "f8": 428,
        "f9": 413
    },
    "results": {
        "accuracy": 0.8494122181537869,
        "auc": 0.8983647912349222,
        "f1_score": 0.502989441546877,
        "log_loss": 0.3009530726920842,
        "precision": 0.6804336602994321,
        "pred_mean": 0.19349391758441925,
        "recall": 0.39895066088184844
    }
}