{
    "config": {
        "data_prefix": "data/input/",
        "features": [
            0,
            1,
            2,
            4,
            5,
            6,
            7,
            8,
            9,
            10,
            11,
            12,
            13,
            14,
            16,
            18,
            21,
            22,
            25,
            26,
            28,
            30,
            31,
            32,
            44,
            45
        ],
        "model": {
            "params": {
                "booster": {
                    "eta": 0.02,
                    "eval_metric": "logloss",
                    "max_depth": 5,
                    "objective": "binary:logistic"
                },
                "train": {
                    "early_stopping_rounds": 50,
                    "num_boost_round": 400,
                    "verbose_eval": 10
                }
            },
            "path": "models/0_xgb.py"
        }
    },
    "feature_importance": {
        "f0": 1421,
        "f1": 591,
        "f10": 282,
        "f11": 673,
        "f12": 184,
        "f13": 269,
        "f14": 218,
        "f16": 504,
        "f18": 460,
        "f2": 197,
        "f21": 484,
        "f22": 667,
        "f25": 586,
        "f26": 687,
        "f28": 211,
        "f30": 387,
        "f31": 301,
        "f32": 423,
        "f4": 337,
        "f44": 1028,
        "f45": 421,
        "f5": 570,
        "f6": 232,
        "f7": 277,
        "f8": 258,
        "f9": 173
    },
    "results": {
        "accuracy": 0.8474697903958576,
        "auc": 0.8746830914336297,
        "f1_score": 0.2613019649779441,
        "log_loss": 0.30257643951295693,
        "precision": 0.6502994011976048,
        "pred_mean": 0.16515317559242249,
        "recall": 0.1634994981599197
    }
}