{
    "config": {
        "data_prefix": "data/input/",
        "features": [
            0,
            1,
            2,
            3,
            4,
            5,
            6,
            7,
            8,
            9,
            10,
            11,
            12,
            13,
            14,
            15,
            16,
            18,
            20,
            21,
            22,
            24,
            25,
            26
        ],
        "model": {
            "params": {
                "booster": {
                    "eta": 0.02,
                    "eval_metric": "logloss",
                    "max_depth": 5,
                    "objective": "binary:logistic"
                },
                "train": {
                    "early_stopping_rounds": 50,
                    "num_boost_round": 400,
                    "verbose_eval": 10
                }
            },
            "path": "models/0_xgb.py"
        }
    },
    "feature_importance": {
        "f0": 1477,
        "f1": 679,
        "f10": 585,
        "f11": 798,
        "f12": 332,
        "f13": 323,
        "f14": 322,
        "f15": 127,
        "f16": 650,
        "f18": 493,
        "f2": 233,
        "f20": 171,
        "f21": 353,
        "f22": 698,
        "f24": 97,
        "f25": 959,
        "f26": 939,
        "f3": 129,
        "f4": 542,
        "f5": 661,
        "f6": 421,
        "f7": 475,
        "f9": 254
    },
    "results": {
        "accuracy": 0.8459503616972356,
        "auc": 0.8683729248809634,
        "f1_score": 0.2356335393846981,
        "log_loss": 0.30857866404372863,
        "precision": 0.6498457070248684,
        "recall": 0.14390706337136464
    }
}