{
    "config": {
        "data_prefix": "data/input/",
        "features": [
            0,
            1,
            2,
            4,
            5,
            6,
            7,
            8,
            9,
            10,
            11,
            12,
            13,
            14,
            16,
            18,
            21,
            22,
            25,
            26,
            28,
            30
        ],
        "model": {
            "params": {
                "booster": {
                    "eta": 0.02,
                    "eval_metric": "logloss",
                    "max_depth": 5,
                    "objective": "binary:logistic"
                },
                "train": {
                    "early_stopping_rounds": 50,
                    "num_boost_round": 400,
                    "verbose_eval": 10
                }
            },
            "path": "models/0_xgb.py"
        }
    },
    "feature_importance": {
        "f0": 1449,
        "f1": 653,
        "f10": 485,
        "f11": 686,
        "f12": 311,
        "f13": 294,
        "f14": 355,
        "f16": 619,
        "f18": 543,
        "f2": 234,
        "f21": 360,
        "f22": 676,
        "f25": 900,
        "f26": 1022,
        "f28": 361,
        "f30": 400,
        "f4": 510,
        "f5": 565,
        "f6": 387,
        "f7": 399,
        "f8": 368,
        "f9": 222
    },
    "results": {
        "accuracy": 0.8456819123946386,
        "auc": 0.8672568964738417,
        "f1_score": 0.23300917532003734,
        "log_loss": 0.30914978762834533,
        "precision": 0.6503603741757399,
        "recall": 0.14192965429537163
    }
}