{
    "config": {
        "data_prefix": "data/input/",
        "features": [
            0,
            1,
            2,
            4,
            5,
            6,
            7,
            8,
            9,
            10,
            11,
            12,
            13,
            14,
            16,
            18,
            21,
            22,
            25,
            26,
            28,
            30,
            31,
            32,
            44,
            45,
            46,
            47,
            48
        ],
        "model": {
            "params": {
                "booster": {
                    "eta": 0.02,
                    "eval_metric": "logloss",
                    "max_depth": 5,
                    "objective": "binary:logistic"
                },
                "train": {
                    "early_stopping_rounds": 50,
                    "num_boost_round": 400,
                    "verbose_eval": 10
                }
            },
            "path": "models/0_xgb.py"
        }
    },
    "feature_importance": {
        "f0": 1243,
        "f1": 407,
        "f10": 261,
        "f11": 523,
        "f12": 207,
        "f13": 270,
        "f14": 237,
        "f16": 492,
        "f18": 415,
        "f2": 196,
        "f21": 397,
        "f22": 660,
        "f25": 683,
        "f26": 670,
        "f28": 216,
        "f30": 258,
        "f31": 228,
        "f32": 422,
        "f4": 339,
        "f44": 942,
        "f45": 377,
        "f46": 694,
        "f47": 176,
        "f48": 73,
        "f5": 482,
        "f6": 230,
        "f7": 312,
        "f8": 262,
        "f9": 238
    },
    "results": {
        "accuracy": 0.8335389433986385,
        "auc": 0.8805176995334975,
        "f1_score": 0.4117461034560651,
        "log_loss": 0.3193406705276219,
        "precision": 0.633400514281743,
        "pred_mean": 0.19105792045593262,
        "recall": 0.3050098724942271
    }
}