{
    "config": {
        "comments": "Comparison between uni-gram LSA (f56, xgb_32.json) vs. uni/bi-gram LSA (f59)",
        "data_prefix": "data/input/",
        "features": [
            0,
            1,
            2,
            4,
            5,
            6,
            7,
            8,
            9,
            10,
            11,
            12,
            13,
            14,
            16,
            18,
            21,
            22,
            25,
            26,
            28,
            30,
            31,
            32,
            44,
            45,
            46,
            47,
            61
        ],
        "model": {
            "params": {
                "booster": {
                    "eta": 0.02,
                    "eval_metric": "logloss",
                    "max_depth": 7,
                    "objective": "binary:logistic"
                },
                "train": {
                    "early_stopping_rounds": 50,
                    "num_boost_round": 400,
                    "verbose_eval": 10
                }
            },
            "path": "models/0_xgb.py"
        }
    },
    "feature_importance": {
        "f0": 1471,
        "f1": 946,
        "f10": 770,
        "f11": 1424,
        "f12": 484,
        "f13": 836,
        "f14": 613,
        "f16": 881,
        "f18": 915,
        "f2": 302,
        "f21": 855,
        "f22": 1237,
        "f25": 1497,
        "f26": 1258,
        "f28": 732,
        "f30": 414,
        "f31": 585,
        "f32": 852,
        "f4": 1106,
        "f44": 1884,
        "f45": 1022,
        "f46": 1117,
        "f47": 148,
        "f5": 1201,
        "f6": 702,
        "f61.0": 1019,
        "f61.1": 716,
        "f61.10": 619,
        "f61.11": 960,
        "f61.12": 535,
        "f61.13": 1078,
        "f61.14": 567,
        "f61.15": 831,
        "f61.16": 870,
        "f61.17": 1176,
        "f61.18": 518,
        "f61.19": 609,
        "f61.2": 403,
        "f61.3": 1174,
        "f61.4": 547,
        "f61.5": 986,
        "f61.6": 1272,
        "f61.7": 945,
        "f61.8": 745,
        "f61.9": 566,
        "f7": 607,
        "f8": 498,
        "f9": 544
    },
    "results": {
        "accuracy": 0.8531444722811075,
        "auc": 0.901200271950575,
        "f1_score": 0.5191308554721188,
        "log_loss": 0.29695291484816927,
        "precision": 0.6929469901168014,
        "pred_mean": 0.19358283281326294,
        "recall": 0.4150270742945549
    }
}