{
    "config": {
        "data_prefix": "data/input/",
        "features": [
            0,
            1,
            2,
            3,
            4,
            5,
            6,
            7,
            8,
            9,
            10,
            11,
            12,
            13,
            14,
            15,
            16,
            18,
            20,
            21,
            22,
            24,
            25,
            26,
            27,
            28,
            29
        ],
        "model": {
            "params": {
                "booster": {
                    "eta": 0.02,
                    "eval_metric": "logloss",
                    "max_depth": 5,
                    "objective": "binary:logistic"
                },
                "train": {
                    "early_stopping_rounds": 50,
                    "num_boost_round": 400,
                    "verbose_eval": 10
                }
            },
            "path": "models/0_xgb.py"
        }
    },
    "feature_importance": {
        "f0": 1433,
        "f1": 650,
        "f10": 491,
        "f11": 644,
        "f12": 316,
        "f13": 315,
        "f14": 331,
        "f15": 129,
        "f16": 631,
        "f18": 485,
        "f2": 229,
        "f20": 142,
        "f21": 313,
        "f22": 656,
        "f24": 87,
        "f25": 849,
        "f26": 910,
        "f27": 171,
        "f28": 270,
        "f29": 220,
        "f3": 130,
        "f4": 493,
        "f5": 564,
        "f6": 377,
        "f7": 381,
        "f8": 365,
        "f9": 211
    },
    "results": {
        "accuracy": 0.8463783335636313,
        "auc": 0.8675514027158854,
        "f1_score": 0.23789415958321908,
        "log_loss": 0.30911674067105754,
        "precision": 0.6583700106237669,
        "recall": 0.1451758642615709
    }
}