{
    "config": {
        "data_prefix": "data/input/",
        "features": [
            0,
            1,
            2,
            4,
            5,
            6,
            7,
            8,
            9,
            10,
            11,
            12,
            13,
            14,
            16,
            18,
            21,
            22,
            25,
            26,
            28,
            30,
            31,
            32,
            44,
            45
        ],
        "model": {
            "params": {
                "booster": {
                    "col_sample": 0.7,
                    "eta": 0.02,
                    "eval_metric": "logloss",
                    "max_depth": 6,
                    "objective": "binary:logistic"
                },
                "train": {
                    "early_stopping_rounds": 50,
                    "num_boost_round": 1000,
                    "verbose_eval": 10
                }
            },
            "path": "models/0_xgb.py"
        }
    },
    "feature_importance": {
        "f0": 2876,
        "f1": 3563,
        "f10": 1365,
        "f11": 3736,
        "f12": 1210,
        "f13": 1781,
        "f14": 1165,
        "f16": 1906,
        "f18": 2090,
        "f2": 423,
        "f21": 1490,
        "f22": 2074,
        "f25": 3872,
        "f26": 3965,
        "f28": 2056,
        "f30": 1128,
        "f31": 1863,
        "f32": 2162,
        "f4": 2260,
        "f44": 3665,
        "f45": 2650,
        "f5": 2645,
        "f6": 1545,
        "f7": 1384,
        "f8": 1683,
        "f9": 974
    },
    "results": {
        "accuracy": 0.86110819400304,
        "auc": 0.8940368068374741,
        "f1_score": 0.4164053972456397,
        "log_loss": 0.284086500229335,
        "precision": 0.6803005008347245,
        "pred_mean": 0.16468022763729095,
        "recall": 0.300023426257488
    }
}