{
    "config": {
        "data_prefix": "data/input/",
        "features": [
            0,
            1,
            2,
            4,
            5,
            6,
            7,
            8,
            9,
            10,
            11,
            12,
            13,
            14,
            16,
            18,
            21,
            22,
            25,
            26,
            28,
            30,
            31
        ],
        "model": {
            "params": {
                "booster": {
                    "eta": 0.02,
                    "eval_metric": "logloss",
                    "max_depth": 5,
                    "objective": "binary:logistic"
                },
                "train": {
                    "early_stopping_rounds": 50,
                    "num_boost_round": 400,
                    "verbose_eval": 10
                }
            },
            "path": "models/0_xgb.py"
        }
    },
    "feature_importance": {
        "f0": 1346,
        "f1": 710,
        "f10": 375,
        "f11": 686,
        "f12": 270,
        "f13": 267,
        "f14": 335,
        "f16": 595,
        "f18": 520,
        "f2": 230,
        "f21": 365,
        "f22": 625,
        "f25": 817,
        "f26": 916,
        "f28": 309,
        "f30": 411,
        "f31": 943,
        "f4": 427,
        "f5": 543,
        "f6": 297,
        "f7": 349,
        "f8": 328,
        "f9": 205
    },
    "results": {
        "accuracy": 0.8460743401962139,
        "auc": 0.8681306981292471,
        "f1_score": 0.2366163208245388,
        "log_loss": 0.308416613316279,
        "precision": 0.6539393939393939,
        "pred_mean": 0.16513237357139587,
        "recall": 0.14443961045480405
    }
}