{
    "config": {
        "data_prefix": "data/input/",
        "features": [
            0,
            1,
            2,
            3,
            4,
            5,
            6,
            7,
            8,
            9,
            10,
            11,
            12,
            13,
            14,
            15,
            16,
            18,
            20,
            21,
            22,
            24,
            25,
            26,
            27,
            28
        ],
        "model": {
            "params": {
                "booster": {
                    "eta": 0.02,
                    "eval_metric": "logloss",
                    "max_depth": 5,
                    "objective": "binary:logistic"
                },
                "train": {
                    "early_stopping_rounds": 50,
                    "num_boost_round": 400,
                    "verbose_eval": 10
                }
            },
            "path": "models/0_xgb.py"
        }
    },
    "feature_importance": {
        "f0": 1428,
        "f1": 625,
        "f10": 531,
        "f11": 685,
        "f12": 309,
        "f13": 311,
        "f14": 323,
        "f15": 120,
        "f16": 602,
        "f18": 506,
        "f2": 232,
        "f20": 155,
        "f21": 319,
        "f22": 661,
        "f24": 90,
        "f25": 938,
        "f26": 939,
        "f27": 189,
        "f28": 278,
        "f3": 137,
        "f4": 514,
        "f5": 572,
        "f6": 393,
        "f7": 380,
        "f8": 351,
        "f9": 205
    },
    "results": {
        "accuracy": 0.846073064610269,
        "auc": 0.8688388504251109,
        "f1_score": 0.23570158298021826,
        "log_loss": 0.30826457247943,
        "precision": 0.6521184510250569,
        "recall": 0.1438467671157621
    }
}