{
    "config": {
        "data_prefix": "data/input/",
        "features": [
            0,
            1,
            2,
            4,
            5,
            6,
            7,
            8,
            9,
            10,
            11,
            12,
            13,
            14,
            16,
            18,
            21,
            22,
            25,
            26,
            28,
            30,
            31,
            32,
            44,
            45,
            46,
            47,
            56
        ],
        "model": {
            "params": {
                "booster": {
                    "eta": 0.02,
                    "eval_metric": "logloss",
                    "max_depth": 7,
                    "objective": "binary:logistic"
                },
                "train": {
                    "early_stopping_rounds": 50,
                    "num_boost_round": 400,
                    "verbose_eval": 10
                }
            },
            "path": "models/0_xgb.py"
        }
    },
    "feature_importance": {
        "f0": 1610,
        "f1": 826,
        "f10": 616,
        "f11": 1419,
        "f12": 514,
        "f13": 651,
        "f14": 434,
        "f16": 785,
        "f18": 939,
        "f2": 282,
        "f21": 903,
        "f22": 1176,
        "f25": 1351,
        "f26": 1248,
        "f28": 553,
        "f30": 384,
        "f31": 589,
        "f32": 754,
        "f4": 699,
        "f44": 1712,
        "f45": 907,
        "f46": 1167,
        "f47": 182,
        "f5": 1008,
        "f56.0": 1006,
        "f56.1": 981,
        "f56.10": 744,
        "f56.11": 874,
        "f56.12": 907,
        "f56.13": 1026,
        "f56.14": 1218,
        "f56.15": 897,
        "f56.16": 980,
        "f56.17": 905,
        "f56.18": 993,
        "f56.19": 1003,
        "f56.2": 960,
        "f56.3": 1221,
        "f56.4": 1134,
        "f56.5": 1041,
        "f56.6": 917,
        "f56.7": 864,
        "f56.8": 863,
        "f56.9": 1042,
        "f6": 588,
        "f7": 510,
        "f8": 508,
        "f9": 422
    },
    "results": {
        "accuracy": 0.8516734117042462,
        "auc": 0.9000837616160815,
        "f1_score": 0.5124989443459167,
        "log_loss": 0.29827553997890754,
        "precision": 0.6883897680222336,
        "pred_mean": 0.19369980692863464,
        "recall": 0.40819964349376114
    }
}