{
    "config": {
        "data_prefix": "data/input/",
        "features": [
            0,
            1,
            2,
            4,
            5,
            6,
            7,
            8,
            9,
            10,
            11,
            12,
            13,
            14,
            16,
            18,
            21,
            22,
            25,
            26,
            28,
            30,
            31,
            32,
            44,
            45,
            46,
            47,
            54
        ],
        "model": {
            "params": {
                "booster": {
                    "eta": 0.02,
                    "eval_metric": "logloss",
                    "max_depth": 7,
                    "objective": "binary:logistic"
                },
                "train": {
                    "early_stopping_rounds": 50,
                    "num_boost_round": 400,
                    "verbose_eval": 10
                }
            },
            "path": "models/0_xgb.py"
        }
    },
    "feature_importance": {
        "f0": 1478,
        "f1": 762,
        "f10": 656,
        "f11": 1384,
        "f12": 555,
        "f13": 702,
        "f14": 502,
        "f16": 735,
        "f18": 785,
        "f2": 271,
        "f21": 736,
        "f22": 1094,
        "f25": 1347,
        "f26": 1156,
        "f28": 769,
        "f30": 413,
        "f31": 534,
        "f32": 828,
        "f4": 985,
        "f44": 1605,
        "f45": 845,
        "f46": 1057,
        "f47": 146,
        "f5": 1149,
        "f54.0": 1012,
        "f54.1": 908,
        "f54.10": 771,
        "f54.11": 936,
        "f54.12": 612,
        "f54.13": 720,
        "f54.14": 901,
        "f54.15": 1079,
        "f54.16": 897,
        "f54.17": 874,
        "f54.18": 907,
        "f54.19": 979,
        "f54.2": 517,
        "f54.3": 877,
        "f54.4": 1265,
        "f54.5": 1284,
        "f54.6": 891,
        "f54.7": 1016,
        "f54.8": 1038,
        "f54.9": 973,
        "f6": 654,
        "f7": 489,
        "f8": 482,
        "f9": 488
    },
    "results": {
        "accuracy": 0.8545320228688893,
        "auc": 0.9031151690172653,
        "f1_score": 0.5284943885730943,
        "log_loss": 0.29421180252131834,
        "precision": 0.6937247184869356,
        "pred_mean": 0.1936740130186081,
        "recall": 0.4268321393737598
    }
}