{
    "config": {
        "data_prefix": "data/input/",
        "features": [
            0,
            1,
            2,
            4,
            5,
            6,
            7,
            8,
            9,
            10,
            11,
            12,
            13,
            14,
            16,
            18,
            21,
            22,
            25,
            26,
            28,
            30,
            31,
            32,
            44,
            45,
            46,
            47
        ],
        "model": {
            "params": {
                "booster": {
                    "eta": 0.02,
                    "eval_metric": "logloss",
                    "max_depth": 5,
                    "objective": "binary:logistic"
                },
                "train": {
                    "early_stopping_rounds": 50,
                    "num_boost_round": 400,
                    "verbose_eval": 10
                }
            },
            "path": "models/0_xgb.py"
        }
    },
    "feature_importance": {
        "f0": 1349,
        "f1": 424,
        "f10": 249,
        "f11": 536,
        "f12": 217,
        "f13": 260,
        "f14": 255,
        "f16": 517,
        "f18": 407,
        "f2": 199,
        "f21": 478,
        "f22": 633,
        "f25": 640,
        "f26": 735,
        "f28": 141,
        "f30": 262,
        "f31": 202,
        "f32": 488,
        "f4": 346,
        "f44": 927,
        "f45": 315,
        "f46": 730,
        "f47": 158,
        "f5": 500,
        "f6": 181,
        "f7": 279,
        "f8": 266,
        "f9": 232
    },
    "results": {
        "accuracy": 0.8333483475754144,
        "auc": 0.8800054189624981,
        "f1_score": 0.4111588568310484,
        "log_loss": 0.32000433352496005,
        "precision": 0.6323076923076923,
        "pred_mean": 0.19109466671943665,
        "recall": 0.304618805376815
    }
}