{
    "config": {
        "data_prefix": "data/input/",
        "features": [
            0,
            1,
            2,
            3,
            4,
            5,
            6,
            7,
            8,
            9,
            10,
            11,
            12,
            13,
            14,
            15,
            16,
            18,
            20,
            21,
            22,
            24,
            25,
            26
        ],
        "model": {
            "params": {
                "booster": {
                    "eta": 0.02,
                    "eval_metric": "logloss",
                    "max_depth": 5,
                    "objective": "binary:logistic"
                },
                "train": {
                    "early_stopping_rounds": 50,
                    "num_boost_round": 400,
                    "verbose_eval": 10
                }
            },
            "path": "models/0_xgb.py"
        }
    },
    "feature_importance": {
        "f0": 1459,
        "f1": 637,
        "f10": 592,
        "f11": 747,
        "f12": 308,
        "f13": 320,
        "f14": 324,
        "f15": 129,
        "f16": 641,
        "f18": 535,
        "f2": 227,
        "f20": 155,
        "f21": 339,
        "f22": 665,
        "f24": 100,
        "f25": 970,
        "f26": 987,
        "f3": 130,
        "f4": 532,
        "f5": 592,
        "f6": 409,
        "f7": 400,
        "f8": 356,
        "f9": 220
    },
    "results": {
        "accuracy": 0.8461703425953766,
        "auc": 0.8687370905218265,
        "f1_score": 0.23802483737433472,
        "log_loss": 0.3082559330227161,
        "precision": 0.6514311404166042,
        "recall": 0.14561545728010292
    }
}