{
    "config": {
        "data_prefix": "data/input/",
        "features": [
            0,
            1,
            2,
            3,
            4,
            5,
            6,
            7,
            8,
            9
        ],
        "model": {
            "params": {
                "booster": {
                    "eta": 0.02,
                    "eval_metric": "logloss",
                    "max_depth": 5,
                    "objective": "binary:logistic"
                },
                "train": {
                    "early_stopping_rounds": 50,
                    "num_boost_round": 400,
                    "verbose_eval": 10
                }
            },
            "path": "models/0_xgb.py"
        }
    },
    "results": {
        "accuracy": 0.8406973505014238,
        "auc": 0.8366950140724835,
        "f1_score": 0.12915077863923954,
        "log_loss": 0.3255300111904134,
        "precision": 0.65889752127266,
        "recall": 0.07159175415206716
    }
}