{
    "config": {
        "data_prefix": "data/input/",
        "features": [
            0,
            1,
            2,
            3,
            4,
            5,
            6,
            7,
            8,
            9,
            10,
            11,
            12,
            13,
            14,
            15,
            16,
            17,
            18,
            19,
            20,
            21,
            22
        ],
        "model": {
            "params": {
                "booster": {
                    "colsample_bytree": 0.7,
                    "eta": 0.02,
                    "eval_metric": "logloss",
                    "max_depth": 4,
                    "min_child_weight": 1,
                    "objective": "binary:logistic",
                    "seed": 114514,
                    "silent": 1,
                    "subsample": 0.7
                },
                "train": {
                    "early_stopping_rounds": 50,
                    "num_boost_round": 500,
                    "verbose_eval": 10
                }
            },
            "path": "models/0_xgb.py"
        }
    },
    "results": {
        "accuracy": 0.8441661950158298,
        "auc": 0.8623740497681266,
        "f1_score": 0.21596970017185477,
        "log_loss": 0.3129146134321273,
        "precision": 0.6357563850687623,
        "recall": 0.13007912208651842
    }
}