{
    "config": {
        "data_prefix": "data/input/",
        "features": [
            0,
            1,
            2,
            3,
            4,
            5,
            6,
            7,
            8,
            9,
            10,
            11,
            12,
            13,
            14,
            15,
            16,
            18,
            20,
            21,
            22,
            24,
            25,
            26,
            27,
            28,
            30
        ],
        "model": {
            "params": {
                "booster": {
                    "eta": 0.02,
                    "eval_metric": "logloss",
                    "max_depth": 5,
                    "objective": "binary:logistic"
                },
                "train": {
                    "early_stopping_rounds": 50,
                    "num_boost_round": 400,
                    "verbose_eval": 10
                }
            },
            "path": "models/0_xgb.py"
        }
    },
    "feature_importance": {
        "f0": 1446,
        "f1": 641,
        "f10": 454,
        "f11": 647,
        "f12": 313,
        "f13": 318,
        "f14": 321,
        "f15": 135,
        "f16": 610,
        "f18": 487,
        "f2": 230,
        "f20": 162,
        "f21": 314,
        "f22": 617,
        "f24": 88,
        "f25": 831,
        "f26": 892,
        "f27": 172,
        "f28": 256,
        "f3": 130,
        "f30": 384,
        "f4": 478,
        "f5": 535,
        "f6": 359,
        "f7": 389,
        "f8": 360,
        "f9": 217
    },
    "results": {
        "accuracy": 0.8460245958270002,
        "auc": 0.8676147643582133,
        "f1_score": 0.23496457406492008,
        "log_loss": 0.3090580858904118,
        "precision": 0.6548293280269402,
        "recall": 0.14316789933402496
    }
}