{
    "config": {
        "data_prefix": "data/input/",
        "features": [
            0,
            1,
            2,
            3,
            4,
            5,
            6,
            9
        ],
        "model": {
            "params": {
                "booster": {
                    "eta": 0.02,
                    "eval_metric": "logloss",
                    "max_depth": 5,
                    "objective": "binary:logistic"
                },
                "train": {
                    "early_stopping_rounds": 50,
                    "num_boost_round": 400,
                    "verbose_eval": 10
                }
            },
            "path": "models/0_xgb.py"
        }
    },
    "results": {
        "accuracy": 0.8402728647482269,
        "auc": 0.8337711259393988,
        "f1_score": 0.12447056684945618,
        "log_loss": 0.3269088577467414,
        "precision": 0.6512173471975653,
        "recall": 0.06881142681039508
    }
}