{
    "config": {
        "data_prefix": "data/input/",
        "features": [
            0,
            1,
            2,
            4,
            5,
            6,
            7,
            8,
            9,
            10,
            11,
            12,
            13,
            14,
            16,
            18,
            21,
            22,
            25,
            26,
            28,
            30,
            31,
            32,
            44,
            45,
            46,
            47,
            52
        ],
        "model": {
            "params": {
                "booster": {
                    "eta": 0.02,
                    "eval_metric": "logloss",
                    "max_depth": 7,
                    "objective": "binary:logistic"
                },
                "train": {
                    "early_stopping_rounds": 50,
                    "num_boost_round": 400,
                    "verbose_eval": 10
                }
            },
            "path": "models/0_xgb.py"
        }
    },
    "feature_importance": {
        "f0": 1616,
        "f1": 807,
        "f10": 695,
        "f11": 1263,
        "f12": 457,
        "f13": 727,
        "f14": 449,
        "f16": 764,
        "f18": 948,
        "f2": 303,
        "f21": 734,
        "f22": 1175,
        "f25": 1371,
        "f26": 1268,
        "f28": 532,
        "f30": 416,
        "f31": 475,
        "f32": 769,
        "f4": 638,
        "f44": 1629,
        "f45": 879,
        "f46": 1039,
        "f47": 186,
        "f5": 921,
        "f52.0": 999,
        "f52.1": 1396,
        "f52.10": 839,
        "f52.11": 1003,
        "f52.12": 1013,
        "f52.13": 1173,
        "f52.14": 929,
        "f52.15": 881,
        "f52.16": 796,
        "f52.17": 760,
        "f52.18": 1315,
        "f52.19": 1336,
        "f52.2": 932,
        "f52.3": 1095,
        "f52.4": 919,
        "f52.5": 718,
        "f52.6": 1043,
        "f52.7": 853,
        "f52.8": 1239,
        "f52.9": 917,
        "f6": 561,
        "f7": 503,
        "f8": 490,
        "f9": 367
    },
    "results": {
        "accuracy": 0.8525149354403546,
        "auc": 0.9005073740957221,
        "f1_score": 0.5204987364507843,
        "log_loss": 0.29784059919939687,
        "precision": 0.6866321357725369,
        "pred_mean": 0.19375663995742798,
        "recall": 0.41909662664379643
    }
}