{
    "config": {
        "data_prefix": "data/input/",
        "features": [
            0,
            1,
            2,
            4,
            5,
            6,
            7,
            8,
            9,
            10,
            11,
            12,
            13,
            14,
            16,
            18,
            21,
            22,
            25,
            26,
            28,
            30,
            31,
            32,
            44,
            45,
            46,
            47,
            49
        ],
        "model": {
            "params": {
                "booster": {
                    "eta": 0.02,
                    "eval_metric": "logloss",
                    "max_depth": 5,
                    "objective": "binary:logistic"
                },
                "train": {
                    "early_stopping_rounds": 50,
                    "num_boost_round": 400,
                    "verbose_eval": 10
                }
            },
            "path": "models/0_xgb.py"
        }
    },
    "feature_importance": {
        "f0": 1000,
        "f1": 165,
        "f10": 179,
        "f11": 324,
        "f12": 120,
        "f13": 113,
        "f14": 169,
        "f16": 344,
        "f18": 294,
        "f2": 169,
        "f21": 321,
        "f22": 451,
        "f25": 416,
        "f26": 550,
        "f28": 89,
        "f30": 169,
        "f31": 142,
        "f32": 300,
        "f4": 84,
        "f44": 567,
        "f45": 266,
        "f46": 408,
        "f47": 37,
        "f49.0": 117,
        "f49.1": 184,
        "f49.10": 91,
        "f49.11": 175,
        "f49.12": 316,
        "f49.13": 201,
        "f49.14": 264,
        "f49.15": 209,
        "f49.16": 219,
        "f49.17": 335,
        "f49.18": 171,
        "f49.19": 330,
        "f49.2": 317,
        "f49.3": 282,
        "f49.4": 217,
        "f49.5": 130,
        "f49.6": 283,
        "f49.7": 374,
        "f49.8": 190,
        "f49.9": 135,
        "f5": 205,
        "f6": 188,
        "f7": 148,
        "f8": 100,
        "f9": 104
    },
    "results": {
        "accuracy": 0.8416058114105204,
        "auc": 0.8898696219328782,
        "f1_score": 0.45510141229266576,
        "log_loss": 0.31069048123333626,
        "precision": 0.6635448072358715,
        "pred_mean": 0.19297394156455994,
        "recall": 0.3463122300713114
    }
}