{
    "config": {
        "data_prefix": "data/input/",
        "features": [
            0,
            1,
            2,
            3,
            63
        ],
        "model": {
            "params": {
                "booster": {
                    "eta": 0.02,
                    "eval_metric": "logloss",
                    "max_depth": 5,
                    "objective": "binary:logistic"
                },
                "train": {
                    "early_stopping_rounds": 50,
                    "num_boost_round": 400,
                    "verbose_eval": 10
                }
            },
            "path": "models/0_xgb.py"
        }
    },
    "feature_importance": {
        "f0": 3849,
        "f1": 4207,
        "f2": 396,
        "f3": 638,
        "f63.1": 423,
        "f63.2": 482
    },
    "results": {
        "accuracy": 0.8152373610843451,
        "auc": 0.8209674810963803,
        "f1_score": 0.15708340659984762,
        "log_loss": 0.358831583982045,
        "precision": 0.6106174527227158,
        "pred_mean": 0.19076842069625854,
        "recall": 0.09013553963609458
    }
}