{
    "config": {
        "data_prefix": "data/input/",
        "features": [
            0,
            1,
            2,
            4,
            5,
            6,
            7,
            8,
            9,
            10,
            11,
            12,
            13,
            14,
            16,
            18,
            21,
            22,
            25,
            26,
            28,
            30,
            31,
            32,
            43
        ],
        "model": {
            "params": {
                "booster": {
                    "eta": 0.02,
                    "eval_metric": "logloss",
                    "max_depth": 5,
                    "objective": "binary:logistic"
                },
                "train": {
                    "early_stopping_rounds": 50,
                    "num_boost_round": 400,
                    "verbose_eval": 10
                }
            },
            "path": "models/0_xgb.py"
        }
    },
    "feature_importance": {
        "f0": 1296,
        "f1": 694,
        "f10": 307,
        "f11": 655,
        "f12": 247,
        "f13": 272,
        "f14": 322,
        "f16": 567,
        "f18": 504,
        "f2": 219,
        "f21": 356,
        "f22": 623,
        "f25": 827,
        "f26": 901,
        "f28": 232,
        "f30": 408,
        "f31": 773,
        "f32": 627,
        "f4": 440,
        "f5": 561,
        "f6": 288,
        "f7": 312,
        "f8": 304,
        "f9": 171
    },
    "results": {
        "accuracy": 0.8461130302611579,
        "auc": 0.8694897492236537,
        "f1_score": 0.23737263065629452,
        "log_loss": 0.30778954300347217,
        "precision": 0.6538403500829938,
        "pred_mean": 0.165180966258049,
        "recall": 0.14500853385094206
    }
}