{
    "config": {
        "data_prefix": "data/input/",
        "features": [
            0,
            1,
            2,
            4,
            5,
            6,
            7,
            8,
            9,
            10,
            11,
            12,
            13,
            14,
            16,
            18,
            21,
            22,
            25,
            26,
            28,
            30,
            31,
            32,
            44,
            45,
            46,
            47,
            49
        ],
        "model": {
            "params": {
                "booster": {
                    "eta": 0.02,
                    "eval_metric": "logloss",
                    "max_depth": 7,
                    "objective": "binary:logistic"
                },
                "train": {
                    "early_stopping_rounds": 50,
                    "num_boost_round": 400,
                    "verbose_eval": 10
                }
            },
            "path": "models/0_xgb.py"
        }
    },
    "feature_importance": {
        "f0": 1522,
        "f1": 899,
        "f10": 607,
        "f11": 1242,
        "f12": 445,
        "f13": 722,
        "f14": 482,
        "f16": 840,
        "f18": 1071,
        "f2": 248,
        "f21": 790,
        "f22": 1254,
        "f25": 1282,
        "f26": 1289,
        "f28": 616,
        "f30": 562,
        "f31": 402,
        "f32": 825,
        "f4": 763,
        "f44": 1455,
        "f45": 1010,
        "f46": 1049,
        "f47": 124,
        "f49.0": 730,
        "f49.1": 888,
        "f49.10": 578,
        "f49.11": 720,
        "f49.12": 1092,
        "f49.13": 970,
        "f49.14": 969,
        "f49.15": 904,
        "f49.16": 887,
        "f49.17": 1091,
        "f49.18": 812,
        "f49.19": 978,
        "f49.2": 1157,
        "f49.3": 1206,
        "f49.4": 967,
        "f49.5": 1016,
        "f49.6": 1122,
        "f49.7": 1409,
        "f49.8": 1007,
        "f49.9": 925,
        "f5": 815,
        "f6": 655,
        "f7": 443,
        "f8": 369,
        "f9": 435
    },
    "results": {
        "accuracy": 0.8555448062889617,
        "auc": 0.9041908943523863,
        "f1_score": 0.5295946256076443,
        "log_loss": 0.29371996983367865,
        "precision": 0.7004801589491694,
        "pred_mean": 0.19245721399784088,
        "recall": 0.42573460351536296
    }
}