{
    "config": {
        "comments": "Comparison between uni-gram LSA (f56, xgb_32.json) vs. uni/bi-gram LSA (f59)",
        "data_prefix": "data/input/",
        "features": [
            0,
            1,
            2,
            4,
            5,
            6,
            7,
            8,
            9,
            10,
            11,
            12,
            13,
            14,
            16,
            18,
            21,
            22,
            25,
            26,
            28,
            30,
            31,
            32,
            44,
            45,
            46,
            47,
            60
        ],
        "model": {
            "params": {
                "booster": {
                    "eta": 0.02,
                    "eval_metric": "logloss",
                    "max_depth": 7,
                    "objective": "binary:logistic"
                },
                "train": {
                    "early_stopping_rounds": 50,
                    "num_boost_round": 400,
                    "verbose_eval": 10
                }
            },
            "path": "models/0_xgb.py"
        }
    },
    "feature_importance": {
        "f0": 1381,
        "f1": 771,
        "f10": 788,
        "f11": 1398,
        "f12": 469,
        "f13": 787,
        "f14": 580,
        "f16": 811,
        "f18": 834,
        "f2": 307,
        "f21": 706,
        "f22": 1234,
        "f25": 1311,
        "f26": 1345,
        "f28": 690,
        "f30": 441,
        "f31": 564,
        "f32": 826,
        "f4": 901,
        "f44": 1585,
        "f45": 989,
        "f46": 1197,
        "f47": 125,
        "f5": 1084,
        "f6": 618,
        "f60.0": 912,
        "f60.1": 610,
        "f60.10": 771,
        "f60.11": 838,
        "f60.12": 787,
        "f60.13": 833,
        "f60.14": 883,
        "f60.15": 774,
        "f60.16": 793,
        "f60.17": 813,
        "f60.18": 1185,
        "f60.19": 1058,
        "f60.2": 710,
        "f60.3": 1275,
        "f60.4": 926,
        "f60.5": 732,
        "f60.6": 720,
        "f60.7": 1033,
        "f60.8": 1290,
        "f60.9": 1127,
        "f7": 529,
        "f8": 431,
        "f9": 479
    },
    "results": {
        "accuracy": 0.8547761289908139,
        "auc": 0.9032759502805847,
        "f1_score": 0.5314514290451615,
        "log_loss": 0.29342941351462737,
        "precision": 0.6924281702311514,
        "pred_mean": 0.19330187141895294,
        "recall": 0.43120438569939123
    }
}