{
    "config": {
        "data_prefix": "data/input/",
        "features": [
            0,
            1,
            2,
            4,
            5,
            6,
            7,
            8,
            9,
            10,
            11,
            12,
            13,
            14,
            16,
            18,
            21,
            22,
            25,
            26,
            28,
            30,
            31,
            32,
            44,
            45,
            46,
            47,
            55
        ],
        "model": {
            "params": {
                "booster": {
                    "eta": 0.02,
                    "eval_metric": "logloss",
                    "max_depth": 7,
                    "objective": "binary:logistic"
                },
                "train": {
                    "early_stopping_rounds": 50,
                    "num_boost_round": 400,
                    "verbose_eval": 10
                }
            },
            "path": "models/0_xgb.py"
        }
    },
    "feature_importance": {
        "f0": 1420,
        "f1": 776,
        "f10": 744,
        "f11": 1266,
        "f12": 573,
        "f13": 746,
        "f14": 551,
        "f16": 733,
        "f18": 821,
        "f2": 293,
        "f21": 756,
        "f22": 1134,
        "f25": 1253,
        "f26": 1109,
        "f28": 670,
        "f30": 425,
        "f31": 513,
        "f32": 851,
        "f4": 932,
        "f44": 1560,
        "f45": 835,
        "f46": 1067,
        "f47": 118,
        "f5": 1226,
        "f55.0": 967,
        "f55.1": 921,
        "f55.10": 694,
        "f55.11": 888,
        "f55.12": 616,
        "f55.13": 742,
        "f55.14": 996,
        "f55.15": 777,
        "f55.16": 904,
        "f55.17": 1046,
        "f55.18": 895,
        "f55.19": 1017,
        "f55.2": 575,
        "f55.3": 798,
        "f55.4": 1394,
        "f55.5": 880,
        "f55.6": 892,
        "f55.7": 1216,
        "f55.8": 932,
        "f55.9": 993,
        "f6": 676,
        "f7": 545,
        "f8": 494,
        "f9": 446
    },
    "results": {
        "accuracy": 0.8552579173893493,
        "auc": 0.9036251111298068,
        "f1_score": 0.5310327602714066,
        "log_loss": 0.29379431266446177,
        "precision": 0.6966089663080871,
        "pred_mean": 0.1936168521642685,
        "recall": 0.4290518952006188
    }
}