{
    "config": {
        "data_prefix": "data/input/",
        "features": [
            0,
            1,
            2,
            4,
            5,
            6,
            7,
            8,
            9,
            10,
            11,
            12,
            13,
            14,
            16,
            18,
            21,
            22,
            25,
            26,
            28,
            30,
            31,
            32,
            44,
            45,
            46,
            47,
            58
        ],
        "model": {
            "params": {
                "booster": {
                    "eta": 0.02,
                    "eval_metric": "logloss",
                    "max_depth": 7,
                    "objective": "binary:logistic"
                },
                "train": {
                    "early_stopping_rounds": 50,
                    "num_boost_round": 400,
                    "verbose_eval": 10
                }
            },
            "path": "models/0_xgb.py"
        }
    },
    "feature_importance": {
        "f0": 1628,
        "f1": 991,
        "f10": 558,
        "f11": 1441,
        "f12": 586,
        "f13": 720,
        "f14": 587,
        "f16": 888,
        "f18": 990,
        "f2": 317,
        "f21": 848,
        "f22": 1182,
        "f25": 1375,
        "f26": 1501,
        "f28": 626,
        "f30": 373,
        "f31": 493,
        "f32": 767,
        "f4": 654,
        "f44": 1584,
        "f45": 940,
        "f46": 1151,
        "f47": 155,
        "f5": 691,
        "f58.0": 1044,
        "f58.1": 1064,
        "f58.10": 895,
        "f58.11": 891,
        "f58.12": 828,
        "f58.13": 1187,
        "f58.14": 890,
        "f58.15": 740,
        "f58.16": 1001,
        "f58.17": 734,
        "f58.18": 1093,
        "f58.19": 651,
        "f58.2": 975,
        "f58.3": 1177,
        "f58.4": 992,
        "f58.5": 1141,
        "f58.6": 1068,
        "f58.7": 681,
        "f58.8": 1038,
        "f58.9": 857,
        "f6": 538,
        "f7": 525,
        "f8": 520,
        "f9": 431
    },
    "results": {
        "accuracy": 0.8495792381319458,
        "auc": 0.8974140779405231,
        "f1_score": 0.5114338173927558,
        "log_loss": 0.3004304401962265,
        "precision": 0.6735916460566089,
        "pred_mean": 0.19348862767219543,
        "recall": 0.4122019305149161
    }
}