{
    "config": {
        "data_prefix": "data/input/",
        "features": [
            0,
            1,
            2,
            4,
            5,
            6,
            7,
            8,
            9,
            10,
            11,
            12,
            13,
            14,
            16,
            18,
            21,
            22,
            25,
            26,
            28,
            30,
            31,
            32,
            44,
            45,
            46,
            47,
            50
        ],
        "model": {
            "params": {
                "booster": {
                    "eta": 0.02,
                    "eval_metric": "logloss",
                    "max_depth": 7,
                    "objective": "binary:logistic"
                },
                "train": {
                    "early_stopping_rounds": 50,
                    "num_boost_round": 400,
                    "verbose_eval": 10
                }
            },
            "path": "models/0_xgb.py"
        }
    },
    "feature_importance": {
        "f0": 1414,
        "f1": 792,
        "f10": 754,
        "f11": 1379,
        "f12": 459,
        "f13": 770,
        "f14": 469,
        "f16": 845,
        "f18": 920,
        "f2": 235,
        "f21": 731,
        "f22": 1038,
        "f25": 1234,
        "f26": 1110,
        "f28": 800,
        "f30": 491,
        "f31": 590,
        "f32": 784,
        "f4": 792,
        "f44": 1529,
        "f45": 853,
        "f46": 1035,
        "f47": 115,
        "f5": 992,
        "f50.0": 679,
        "f50.1": 1070,
        "f50.10": 615,
        "f50.11": 851,
        "f50.12": 946,
        "f50.13": 1031,
        "f50.14": 1108,
        "f50.15": 737,
        "f50.16": 1036,
        "f50.17": 992,
        "f50.18": 836,
        "f50.19": 916,
        "f50.2": 1016,
        "f50.3": 1270,
        "f50.4": 968,
        "f50.5": 937,
        "f50.6": 983,
        "f50.7": 1282,
        "f50.8": 1221,
        "f50.9": 1268,
        "f6": 637,
        "f7": 510,
        "f8": 426,
        "f9": 463
    },
    "results": {
        "accuracy": 0.8557140104066294,
        "auc": 0.9032288417974601,
        "f1_score": 0.5338977775010896,
        "log_loss": 0.2940295417217663,
        "precision": 0.6970091027308193,
        "pred_mean": 0.19372732937335968,
        "recall": 0.432650590253254
    }
}