{
    "config": {
        "data_prefix": "data/input/",
        "features": [
            0,
            1,
            2,
            4,
            5,
            6,
            7,
            8,
            9,
            10,
            11,
            12,
            13,
            14,
            16,
            18,
            21,
            22,
            25,
            26,
            28,
            30,
            31,
            32,
            44,
            45
        ],
        "model": {
            "params": {
                "booster": {
                    "eta": 0.02,
                    "eval_metric": "logloss",
                    "max_depth": 5,
                    "objective": "binary:logistic"
                },
                "train": {
                    "early_stopping_rounds": 50,
                    "num_boost_round": 400,
                    "verbose_eval": 10
                }
            },
            "path": "models/0_xgb.py"
        }
    },
    "feature_importance": {
        "f0": 1421,
        "f1": 573,
        "f10": 282,
        "f11": 576,
        "f12": 151,
        "f13": 221,
        "f14": 211,
        "f16": 534,
        "f18": 434,
        "f2": 196,
        "f21": 403,
        "f22": 602,
        "f25": 746,
        "f26": 696,
        "f28": 218,
        "f30": 339,
        "f31": 350,
        "f32": 542,
        "f4": 425,
        "f44": 1053,
        "f45": 367,
        "f5": 542,
        "f6": 281,
        "f7": 281,
        "f8": 267,
        "f9": 188
    },
    "results": {
        "accuracy": 0.847395329556446,
        "auc": 0.875063877999842,
        "f1_score": 0.25914994096812277,
        "log_loss": 0.3029262471673274,
        "precision": 0.6537159875456884,
        "pred_mean": 0.16513748466968536,
        "recall": 0.16160771058532178
    }
}